PenaltyWeight,BestBufferMin,SelectedTargetWakeDelayMin,MeanPenalizedLoss,EarlyWakeRatePct
6,2.5,5.5,171.122376996029,60.25
8,0.25,3.25,183.839059373396,41.5
10,1.5,4.5,190.004792023016,47.625
12,2.25,5.25,206.550758313072,53.5
15,2.5,5.5,255.924598191316,57.375
18,0.5,3.5,319.466425212038,40.5
